id,name,city
1,UDLEnP,Delhi
2,JNcgBK,Hyderabad
3,ToTTdK,Surat
4,WLoQHs,Chennai
5,WJZTVu,Ahmedabad
6,ZMNBWV,Jaipur
7,OyTMdM,Surat
8,uSzTNx,Delhi
9,obYYFQ,Delhi
10,aDDAQl,Kolkata
11,ZCReni,Surat
12,hsmvrs,Mumbai
13,fpqLQl,Ahmedabad
14,AbqeAA,Surat
15,fAIXaL,Surat
16,zaCrkF,Ahmedabad
17,eEKBVj,Surat
18,pmmgXm,Mumbai
19,MpuKJi,Kolkata
20,IamEfT,Chennai
21,TbcqpG,Pune
22,exMEQF,Surat
23,ssDKDc,Pune
24,rJCkuZ,Bangalore
25,tbIFfb,Mumbai
26,ZDtVHJ,Chennai
27,YsKeGt,Hyderabad
28,rzdmlz,Mumbai
29,SnPYhD,Bangalore
30,HMHXwE,Hyderabad
31,NaTWRA,Bangalore
32,NNgNCH,Hyderabad
33,cnfUpm,Jaipur
34,RPIMBX,Ahmedabad
35,cMAhFf,Surat
36,bzyaXU,Bangalore
37,GYDYwU,Delhi
38,uucBKg,Pune
39,kWnYyW,Delhi
40,ysyctP,Kolkata
41,pawHAB,Ahmedabad
42,aEKfwa,Bangalore
43,wDlMQf,Bangalore
44,NWXCPt,Kolkata
45,WvfyjH,Kolkata
46,gzikFu,Jaipur
47,LqNShg,Mumbai
48,ZnZjqm,Hyderabad
49,OAgRyX,Kolkata
50,JFAKWR,Jaipur
51,caVKuE,Hyderabad
52,iAkfJN,Delhi
53,OoUCCR,Kolkata
54,bNwyrm,Hyderabad
55,dXhhBc,Pune
56,MmxDBT,Chennai
57,iQCWvY,Kolkata
58,LfXKdP,Mumbai
59,bEAdFn,Hyderabad
60,JZMMlN,Bangalore
61,IHAqpe,Mumbai
62,JqWeXG,Bangalore
63,LtTPuS,Jaipur
64,pbxwKO,Kolkata
65,vJQhSx,Kolkata
66,lIcPZK,Pune
67,Ytyiit,Bangalore
68,wXAHqG,Chennai
69,PdSSlr,Delhi
70,ItFLCI,Delhi
71,fgZiQQ,Bangalore
72,kbXaxn,Mumbai
73,sSysif,Pune
74,ZgnJGK,Surat
75,xBhhhA,Delhi
76,vbkUYQ,Ahmedabad
77,EzzgqK,Kolkata
78,eanMmb,Bangalore
79,GbFuBe,Pune
80,NIaztd,Surat
81,YVNCWe,Pune
82,ylBAdG,Chennai
83,alrvkW,Kolkata
84,LHZQqN,Kolkata
85,VBnnio,Ahmedabad
86,RViqWf,Delhi
87,uwsvWY,Hyderabad
88,FaWIEN,Surat
89,myVYwI,Delhi
90,pTTUjk,Delhi
91,ItlZev,Delhi
92,Cuposx,Chennai
93,CyShAF,Jaipur
94,INNiec,Delhi
95,PNPWbg,Pune
96,vJsSil,Chennai
97,tLsvxB,Chennai
98,wcouKZ,Pune
99,gtciuO,Bangalore
100,OOrcUi,Ahmedabad
101,Jane,Mumbai
